donor_id,donor_name,donor_since,donor_type,region,email
DON1001,"Garcia, Yang and Gardner",2018-07-10,individual,NY,figueroajohn@example.org
DON1002,Kristina Baldwin,2023-10-22,foundation,MA,johnsonjeffery@example.net
DON1003,Blake and Sons,2025-11-25,individual,NY,lrobinson@example.com
DON1004,Brent Abbott,2023-10-27,foundation,NY,joshua35@example.org
DON1005,Edward Fuller,2021-02-16,corporate,NY,blairamanda@example.com
DON1006,Victoria Wyatt,2022-10-13,individual,NY,janetwilliams@example.org
DON1007,Henry Santiago,2018-05-07,individual,NY,oramirez@example.com
DON1008,William Bowman,2017-11-04,individual,RI,amandasanchez@example.com
DON1009,Andrew Stewart,2026-02-07,foundation,CT,gabriellecameron@example.org
DON1010,Matthew Foster,2021-03-08,foundation,MA,clarksherri@example.net
DON1011,Nicole Patterson,2024-06-08,foundation,CT,josephwright@example.net
DON1012,Anthony Rodriguez,2023-06-04,individual,NH,jeffrey28@example.com
DON1013,"Ferrell, Rice and Maddox",2019-05-09,individual,CT,ycarlson@example.com
DON1014,Gina Carter,2016-10-28,individual,RI,maldonadoamanda@example.com
DON1015,Jonathan White,2019-04-27,individual,NY,usmith@example.net
DON1016,Phillip Ryan,2018-06-10,individual,National,meagan89@example.org
DON1017,Sherry Decker,2025-08-26,foundation,National,georgetracy@example.org
DON1018,John Jones,2021-11-10,individual,RI,brianhumphrey@example.org
DON1019,Joseph Obrien,2025-09-10,foundation,NY,davidalvarez@example.net
DON1020,Jessica Holmes,2020-03-26,individual,NY,jenniferross@example.net
DON1021,Leah Smith,2018-09-08,corporate,CT,jeffreymorgan@example.net
DON1022,David Caldwell,2017-08-18,foundation,National,
DON1023,Richard Aguirre,2020-04-10,corporate,National,jenniferkhan@example.net
DON1024,Scott Brown,2019-11-14,individual,National,davisryan@example.com
DON1025,Connor West,2018-04-21,foundation,RI,powellmatthew@example.org
DON1026,Scott Pierce,2023-10-22,individual,NY,joshuawright@example.org
DON1027,Russell Group,2017-06-28,individual,MA,novaksara@example.org
DON1028,James House,2020-04-07,corporate,NH,kbarrera@example.com
DON1029,Daniel Brown,2024-05-15,corporate,NH,
DON1030,Thomas Schmidt,2025-11-08,individual,National,adkinsbrian@example.net
DON1031,Cynthia Wilson,2017-08-06,foundation,CT,yorkcasey@example.org
DON1032,Kevin Mills,2026-04-27,individual,RI,bethwilliams@example.org
DON1033,Anderson-Brewer,2021-01-24,individual,NH,elizabethedwards@example.com
DON1034,Kristine Garcia,2024-05-29,individual,National,sarah10@example.com
DON1035,Sherry Wood,2025-10-10,foundation,NY,williamanderson@example.com
DON1036,Victoria Valdez,2019-04-25,foundation,NH,tbass@example.com
DON1037,Brian Tran,2016-10-05,corporate,MA,sarah12@example.com
DON1038,Deborah Freeman,2021-04-06,individual,NY,cassandra53@example.net
DON1039,Ray Walsh,2017-06-29,individual,MA,
DON1040,Ashley Landry,2021-01-31,foundation,NY,joycearnold@example.com
DON1041,Andrew Diaz,2019-03-02,foundation,NY,davenportbrandi@example.org
DON1042,Stacey Russell,2017-04-22,corporate,NY,jason31@example.com
DON1043,Allison Doyle,2019-04-05,individual,National,michellecherry@example.org
DON1044,Richard Rodriguez,2022-04-13,individual,RI,vpham@example.org
DON1045,Robert Perez,2017-04-15,individual,NY,dwalker@example.com
DON1046,Bell-Hicks,2017-01-12,foundation,NY,
DON1047,"Estes, Baker and Rodriguez",2025-10-01,individual,NY,sheila14@example.org
DON1048,"Wilson, Lam and Lee",2024-01-09,individual,MA,
DON1049,Teresa Mclaughlin,2017-05-20,corporate,NY,zsmith@example.net
DON1050,Belinda Mccullough,2019-12-25,foundation,NH,ryan59@example.com
DON1051,Cameron Fisher,2025-04-04,corporate,NY,elizabeth56@example.net
DON1052,Elizabeth Clark,2023-01-29,individual,RI,christinaturner@example.net
DON1053,Steven Flynn,2026-06-30,individual,National,steven73@example.net
DON1054,Robert Potter,2019-07-08,individual,RI,campbellelizabeth@example.net
DON1055,John Atkinson,2021-11-28,individual,NY,lindsayhernandez@example.org
DON1056,Michael Snyder,2017-11-13,individual,RI,operry@example.net
DON1057,Colleen Brock,2020-10-12,individual,RI,dianasmith@example.org
DON1058,Robert Contreras,2025-06-10,individual,MA,pwilliams@example.org
DON1059,Jessica Meadows,2026-02-20,individual,MA,stephanie79@example.net
DON1060,Sara Ramirez,2024-03-19,individual,RI,juliawells@example.com
DON1061,Dustin Nelson,2025-07-01,corporate,MA,rsims@example.com
DON1062,Mccarthy Inc,2022-01-25,corporate,CT,taylorjesse@example.net
DON1063,Ross Price,2023-09-08,individual,RI,drivera@example.com
DON1064,Sarah Ashley,2016-12-17,foundation,National,wwoods@example.com
DON1065,George Shelton,2023-10-04,individual,NY,tracynelson@example.com
DON1066,Susan Vargas,2023-07-05,foundation,MA,marycalhoun@example.net
DON1067,Williams Group,2017-02-02,foundation,RI,dayderek@example.com
DON1068,Trevor Fisher,2022-03-14,individual,MA,shawnrogers@example.com
DON1069,Walker-Jones,2018-01-08,individual,MA,ismith@example.org
DON1070,Cynthia Wells,2017-04-25,individual,RI,herringjames@example.org
DON1071,Lawrence Adkins,2018-07-29,individual,NH,stevenscott@example.com
DON1072,Laura Odonnell,2018-07-30,corporate,National,tamirodriguez@example.org
DON1073,Sandra Sanchez,2023-01-06,individual,NY,mdavid@example.org
DON1074,Jeffrey Wood,2021-10-04,individual,RI,hoganashlee@example.org
DON1075,Jack Snow,2025-03-27,corporate,CT,alexander67@example.org
DON1076,Robert Medina,2024-06-13,individual,RI,ryangross@example.net
DON1077,Samuel Rivas,2024-11-08,individual,MA,ugraham@example.net
DON1078,Jamie Johnson,2018-02-07,individual,CT,nicole37@example.net
DON1079,Spencer Haynes,2022-02-27,individual,CT,tonykelly@example.com
DON1080,Katherine Chang,2021-04-30,individual,NH,blackjames@example.org
DON1081,Jared Sanchez,2024-09-23,foundation,MA,bwest@example.org
DON1082,Krista Bell MD,2026-07-10,individual,NY,thomas85@example.com
DON1083,Tiffany Vaughn,2021-11-05,foundation,NY,jerry35@example.org
DON1084,Kelly Campbell,2019-11-21,individual,NY,joannahill@example.net
DON1085,Joseph Hill,2018-05-04,foundation,RI,kennethward@example.com
DON1086,Laura Harrison,2017-07-22,individual,MA,heidi27@example.org
DON1087,Austin Vasquez,2024-02-14,individual,MA,jack04@example.com
DON1088,Mcknight Inc,2026-06-12,individual,NY,hernandezlisa@example.com
DON1089,Joseph Hayes,2026-02-14,corporate,NH,yobrien@example.net
DON1090,"Brown, Choi and Garcia",2024-02-28,individual,NH,
DON1091,Benjamin Smith,2020-03-01,foundation,NY,
DON1092,"Campbell, Heath and Jones",2024-04-17,individual,MA,ocarter@example.com
DON1093,Danny Hernandez,2020-08-07,individual,National,kristin93@example.com
DON1094,Samantha Morse,2021-02-23,corporate,NH,charlesmartin@example.com
DON1095,Kathryn Snyder,2024-02-06,individual,NY,harrisonkevin@example.com
DON1096,Brandon Hayden,2017-12-30,corporate,MA,prestonjessica@example.net
DON1097,Pamela Thompson,2026-06-01,corporate,National,keyemily@example.com
DON1098,Robert Costa,2025-06-16,individual,NY,lmoon@example.net
DON1099,Jenkins-Simpson,2024-08-16,individual,RI,ricky51@example.org
DON1100,Raymond Hancock,2023-06-11,corporate,CT,gibsonleonard@example.com
DON1101,Peter Garrett,2016-08-25,individual,NY,mgutierrez@example.net
DON1102,Michael Martinez,2017-07-04,individual,CT,
DON1103,Willie Durham,2020-09-12,individual,CT,lancesmith@example.com
DON1104,Michael Perry,2024-06-24,foundation,CT,hollanderic@example.net
DON1105,Lee-Greene,2024-11-02,individual,NY,jsanchez@example.org
DON1106,Richard Adams,2018-12-14,individual,MA,hillkristy@example.com
DON1107,Charles Ryan MD,2016-09-02,individual,RI,jessica99@example.net
DON1108,Mrs. Janet Chase,2026-01-07,corporate,NH,ugibson@example.org
DON1109,Mcneil-Sparks,2023-08-14,corporate,MA,floresthomas@example.com
DON1110,Evelyn Garcia,2019-03-21,individual,CT,ihanna@example.net
DON1111,Seth Booker,2024-02-13,individual,NH,foxstephen@example.net
DON1112,Jennifer Miller,2017-11-25,individual,NH,qharrington@example.com
DON1113,Katherine Weaver,2022-03-21,corporate,National,ofinley@example.net
DON1114,"Davis, Good and Hodges",2017-10-17,corporate,National,crystalmccall@example.org
DON1115,Robert Carter,2018-05-04,individual,NH,tjackson@example.org
DON1116,Rebecca Jackson,2023-01-03,individual,CT,hthomas@example.com
DON1117,Briana Murray,2017-12-21,foundation,NH,pharvey@example.com
DON1118,Megan Moore,2020-12-13,corporate,National,ascott@example.com
DON1119,Ryan Gonzalez,2024-02-22,individual,National,vanessa46@example.net
DON1120,Edward Lyons,2023-03-05,foundation,CT,yrodriguez@example.net
DON1121,Valerie Lozano,2017-01-01,individual,National,khill@example.net
DON1122,Connor King,2025-01-29,individual,MA,kimberly39@example.com
DON1123,Amanda Diaz,2018-12-15,foundation,MA,
DON1124,Carlos Ryan,2018-11-12,foundation,NY,browningmark@example.com
DON1125,Gina Wilson,2022-11-08,corporate,NY,maria47@example.com
DON1126,Veronica Coffey,2017-11-28,individual,RI,karenperez@example.net
DON1127,Jordan Chambers,2026-02-10,foundation,RI,christopher60@example.com
DON1128,Kaitlyn Harvey,2021-02-02,individual,RI,
DON1129,Susan Turner,2026-03-07,foundation,NH,rose31@example.net
DON1130,Audrey Young DDS,2023-07-30,corporate,NH,taylorsophia@example.com
DON1131,Jennifer Newton,2023-03-29,corporate,NH,vwatson@example.net
DON1132,Trevor Johnson,2019-04-05,corporate,RI,fpena@example.net
DON1133,Michael Stephens,2022-12-07,individual,NH,scottsampson@example.com
DON1134,Samantha Davis,2022-09-24,corporate,MA,sandersjames@example.org
DON1135,Christine Gallegos,2020-03-27,individual,CT,williamsmatthew@example.org
DON1136,Schroeder-Kramer,2026-01-21,individual,NY,brendali@example.org
DON1137,Christopher Guerrero,2016-09-04,individual,MA,michele22@example.net
DON1138,Alexis Baker,2017-01-25,corporate,RI,alexistyler@example.org
DON1139,Richard Palmer,2018-10-14,corporate,NH,
DON1140,"Logan, Camacho and Boyd",2018-06-26,foundation,RI,ngordon@example.org
DON1141,Brian Joseph,2024-06-03,individual,RI,browntimothy@example.com
DON1142,Donald Schultz,2024-03-05,corporate,NH,lammarc@example.org
DON1143,Larry Garcia,2025-12-16,foundation,NY,oscar98@example.com
DON1144,Jesse Perry,2018-07-29,corporate,MA,russellbeasley@example.com
DON1145,Kara Davis,2018-03-31,corporate,National,ronald45@example.org
DON1146,Kristie Willis,2018-01-30,individual,NH,reynoldsjulie@example.com
DON1147,Jenny Moon,2026-03-08,foundation,NH,elizabeth65@example.net
DON1148,"Lewis, Douglas and Walker",2017-07-03,corporate,NY,caroline51@example.net
DON1149,Renee Bruce,2018-06-21,individual,RI,megan51@example.com
DON1150,Christopher Park,2026-02-06,individual,RI,lynchdiane@example.net
DON1151,Andrea Figueroa,2021-11-19,corporate,CT,michael22@example.net
DON1152,Christopher Collins,2017-02-24,foundation,MA,reesejason@example.com
DON1153,Brad Ramos,2022-02-23,individual,National,wareeric@example.net
DON1154,Fischer Inc,2023-11-04,individual,NY,
DON1155,Kelsey Parker,2022-07-02,individual,NY,rrodriguez@example.net
DON1156,Turner and Sons,2020-05-19,individual,RI,djoyce@example.org
DON1157,Casey James,2018-12-18,individual,NH,keith10@example.com
DON1158,Blake Edwards,2020-07-17,individual,NY,charles06@example.org
DON1159,Sullivan LLC,2023-12-07,individual,CT,amckinney@example.com
DON1160,Brian Graham,2019-07-21,corporate,RI,xcollier@example.org
DON1161,Richard Jones,2023-06-11,foundation,National,fosterkyle@example.com
DON1162,Maria Hernandez,2018-07-27,individual,National,rebeccabailey@example.net
DON1163,"Jones, Bean and Burton",2018-05-18,foundation,MA,jonathanthompson@example.org
DON1164,Lori Lin,2024-07-09,individual,MA,kmaldonado@example.net
DON1165,Donald Brown,2022-01-03,corporate,RI,scottharrison@example.net
DON1166,Dustin Newman,2025-04-05,corporate,National,collinsshannon@example.org
DON1167,Joanna Pacheco,2018-03-02,foundation,National,jford@example.net
DON1168,Robert Monroe,2019-10-31,foundation,RI,cassidy82@example.org
DON1169,Lisa Cox,2018-01-24,foundation,CT,benjaminzimmerman@example.com
DON1170,Rachel Holland,2021-06-10,individual,CT,vortiz@example.net
DON1171,Mary Escobar,2017-10-01,corporate,NH,cody64@example.com
DON1172,Melissa Myers,2019-03-10,individual,RI,christopher25@example.com
DON1173,Theresa Osborn,2018-01-26,individual,CT,angelica52@example.net
DON1174,Eric Bean,2025-08-01,foundation,National,lucasrodney@example.com
DON1175,Ryan Garcia,2022-06-11,foundation,NY,ilee@example.org
DON1176,James Martin,2025-10-24,corporate,NH,stanleynancy@example.net
DON1177,Tracy Bishop,2019-06-12,corporate,RI,xwilliams@example.net
DON1178,Richardson PLC,2024-04-07,individual,RI,amandacollins@example.com
DON1179,Jennifer Martin,2024-02-15,foundation,CT,xhammond@example.com
DON1180,Kristen Garcia,2020-01-10,corporate,National,moniquewilliams@example.com
DON1181,Jose Guerra,2025-05-28,corporate,CT,mitchellkathryn@example.com
DON1182,James Brooks,2018-03-10,individual,CT,lisawilkerson@example.org
DON1183,Marie Moody,2023-03-14,individual,NY,brooksanthony@example.org
DON1184,Olivia Harrison,2018-12-21,foundation,NH,mitchellmaria@example.net
DON1185,Monica Rose,2016-09-19,individual,CT,smithjason@example.org
DON1186,Riley Bryant,2018-07-09,individual,National,john10@example.org
DON1187,Dana Thomas,2018-07-07,individual,NH,bcarlson@example.net
DON1188,Michael Mills,2023-12-07,corporate,MA,mendezjohn@example.com
DON1189,Jeanette Harrison,2022-10-06,corporate,RI,ashleyamy@example.net
DON1190,Nicholas Fuller,2023-03-18,individual,CT,jon05@example.org
DON1191,Carrie Maxwell,2026-07-12,individual,RI,dennis58@example.com
DON1192,Ricardo Ellis,2024-07-14,individual,NY,zwelch@example.org
DON1193,Eric Sanders,2021-08-15,individual,MA,bradleygonzalez@example.org
DON1194,Mitchell Inc,2025-11-13,corporate,NH,wking@example.net
DON1195,Stephanie Hughes,2022-04-11,foundation,RI,david56@example.com
DON1196,Bradley Coleman,2019-10-22,foundation,RI,xholt@example.net
DON1197,Edward Griffin,2023-12-15,foundation,National,amymorris@example.org
DON1198,Susan Mendez,2023-11-17,individual,CT,hannahbell@example.org
DON1199,Heidi Owen,2024-01-11,individual,NH,danielle01@example.net
DON1200,Martinez and Sons,2019-05-09,corporate,National,
DON1201,Jerry Watson,2022-11-11,individual,CT,patrick90@example.net
DON1202,Donald Horne,2024-03-07,corporate,MA,berryalyssa@example.com
DON1203,Reginald Padilla,2017-01-26,foundation,National,victorhughes@example.net
DON1204,Benjamin Thompson,2020-04-12,individual,NH,heather73@example.org
DON1205,"Reed, Brown and Daniels",2024-03-14,individual,NY,cochrantammy@example.com
DON1206,Isaiah Walker,2021-09-24,individual,NH,
DON1207,Jackie Lara,2020-01-18,individual,RI,joelsnyder@example.com
DON1208,Mitchell Mendoza,2026-01-05,corporate,CT,cherylmiller@example.com
DON1209,Maria Cole,2023-08-14,individual,NH,emorrow@example.org
DON1210,Betty Shaw,2025-06-06,individual,NH,
DON1211,Donovan-Perez,2017-07-28,foundation,NH,holmeskevin@example.org
DON1212,Denise Weber,2025-06-16,individual,NH,meghan43@example.net
DON1213,Matthew Le,2025-09-14,corporate,NH,
DON1214,Patricia Baker,2022-05-16,individual,NH,bryananthony@example.org
DON1215,Kimberly May,2020-03-19,individual,RI,bmontgomery@example.com
DON1216,Jesse Barker,2021-10-08,individual,NY,zsanchez@example.net
DON1217,Charles Hensley,2019-04-27,individual,National,dperry@example.org
DON1218,Emma Owens,2022-01-23,foundation,MA,theresa25@example.net
DON1219,James Gilbert,2021-03-07,individual,MA,gwright@example.org
DON1220,Phillip Jimenez,2020-11-07,foundation,MA,lisapeck@example.net
DON1221,Tony Wagner,2025-05-21,corporate,MA,tjimenez@example.com
DON1222,Stephen Pena MD,2020-09-21,corporate,National,brandywilliams@example.com
DON1223,"Diaz, Powell and Williams",2025-10-04,individual,NH,booneryan@example.com
DON1224,Pamela Ramirez,2017-07-01,corporate,MA,michaelroberts@example.com
DON1225,Holly Thomas,2018-08-26,individual,National,
DON1226,Gary Wells,2025-04-16,foundation,RI,cporter@example.org
DON1227,Emily Long,2024-05-27,individual,RI,catherinerobertson@example.com
DON1228,Elizabeth Cabrera,2021-09-20,individual,RI,william88@example.com
DON1229,Molly Watts,2022-11-23,individual,RI,emily69@example.com
DON1230,Mikayla Silva,2017-01-30,individual,RI,pbaker@example.net
DON1231,Travis Rodriguez,2019-07-13,foundation,NH,rhernandez@example.org
DON1232,"Harris, Shaw and Carr",2016-12-13,individual,CT,jedwards@example.com
DON1233,Matthew Fox,2024-08-26,individual,NH,thorntonapril@example.net
DON1234,Lowe-Dillon,2021-12-19,individual,NH,stevepatel@example.net
DON1235,Courtney Dudley,2021-02-15,individual,RI,plee@example.com
DON1236,Timothy Pope,2021-09-10,foundation,NH,janet75@example.com
DON1237,Tina Ballard,2021-04-13,individual,National,david86@example.com
DON1238,Mary Burgess,2021-07-27,corporate,MA,robertsjennifer@example.com
DON1239,Breanna Gilbert,2020-04-08,corporate,RI,marianelson@example.net
DON1240,Amy Gutierrez,2020-09-12,individual,RI,brentstein@example.org
DON1241,Russell Group,2024-08-31,foundation,CT,maldonadoderrick@example.net
DON1242,Susan Davis,2024-10-01,corporate,MA,katelynmitchell@example.com
DON1243,Carrie Khan,2026-05-25,individual,RI,amandasharp@example.org
DON1244,Paul Brennan,2019-08-15,individual,RI,osbornrandy@example.com
DON1245,Frances Gibson,2021-07-21,foundation,National,smithashley@example.org
DON1246,Nelson-Lamb,2025-11-14,individual,National,ismall@example.net
DON1247,Norman Gibbs,2022-04-03,individual,National,jessicawong@example.net
DON1248,Kaylee Miller,2026-04-16,foundation,MA,gregorychase@example.com
DON1249,James Griffin,2018-04-02,individual,NY,tinawoods@example.org
DON1250,Melissa Brown,2021-03-04,individual,National,kevin90@example.com
DON1251,"Leblanc, Barron and Carrillo",2018-08-22,individual,National,zparker@example.net
DON1252,Hernandez-Adkins,2018-08-17,individual,MA,michael33@example.org
DON1253,Samantha Gill,2022-12-26,individual,NY,emiles@example.net
DON1254,Ashley Poole,2018-01-08,individual,NY,xrice@example.org
DON1255,Jessica Frazier,2025-03-24,corporate,NH,ashleyhernandez@example.com
DON1256,Jose Bryant,2024-12-11,foundation,NY,nolansean@example.org
DON1257,David Smith,2017-08-11,corporate,CT,tchambers@example.net
DON1258,Amy Shannon,2020-05-02,corporate,CT,williamsmelvin@example.org
DON1259,Veronica Brewer,2024-08-29,corporate,CT,mitchellhector@example.org
DON1260,Michael Stanley,2023-10-13,corporate,National,victoria67@example.com
DON1261,Jenna Anderson DVM,2025-10-21,individual,RI,desireebailey@example.org
DON1262,"Coleman, Gray and Hall",2016-09-08,corporate,NH,goodsteven@example.net
DON1263,Jennifer Miranda,2024-06-19,individual,MA,eric31@example.org
DON1264,Michael Brennan,2016-11-23,individual,MA,jamiegarcia@example.org
DON1265,Patty Taylor,2020-10-16,individual,NH,moralesjimmy@example.org
DON1266,Patricia Cardenas,2021-07-20,individual,NY,lisadennis@example.com
DON1267,Antonio Fry,2020-08-29,individual,NH,nancy83@example.com
DON1268,Megan Floyd,2019-08-11,individual,National,dpeters@example.com
DON1269,Joshua Allen,2022-01-19,individual,CT,trussell@example.com
DON1270,"Gutierrez, Butler and Moreno",2020-06-18,individual,National,meredith27@example.org
DON1271,Sarah Davis,2023-03-28,individual,National,jonathanrivera@example.org
DON1272,Benjamin Ballard,2019-11-14,foundation,CT,adamsemily@example.net
DON1273,Terry Lewis,2026-02-19,individual,CT,timothybooth@example.com
DON1274,Michele Sanders,2019-11-11,individual,National,burgesskaren@example.org
DON1275,Elizabeth Ward,2020-09-13,corporate,MA,kimberly67@example.net
DON1276,Erica Harris,2025-02-01,corporate,NH,ugarcia@example.com
DON1277,Dean Donovan,2021-12-14,individual,CT,owilliams@example.net
DON1278,Kelly Sanchez,2026-06-25,individual,NH,mphillips@example.com
DON1279,Robert Jackson,2025-12-30,individual,MA,jonathan77@example.com
DON1280,Kelly Combs,2025-12-05,foundation,NH,iwhite@example.net
DON1281,Michael Smith,2017-11-22,individual,National,duranrobert@example.net
DON1282,Lisa Webb,2025-03-26,individual,National,nbrooks@example.net
DON1283,Moreno LLC,2024-12-05,individual,CT,smithandrea@example.org
DON1284,Warren and Sons,2025-09-28,individual,NH,andre62@example.org
DON1285,Jared Cunningham,2019-11-23,foundation,RI,lisa46@example.org
DON1286,James Alvarez,2020-06-21,corporate,National,gabriella10@example.org
DON1287,Kylie Hodge,2016-10-15,corporate,CT,christopherbruce@example.net
DON1288,Karen Williams,2018-04-02,corporate,RI,
DON1289,Emily Ali,2017-11-22,individual,National,rachel90@example.org
DON1290,Lacey Atkinson,2019-01-30,individual,MA,thickman@example.org
DON1291,Haley Davis,2025-10-28,individual,RI,patrick21@example.net
DON1292,Raymond Johnson,2020-07-30,foundation,MA,petersonkayla@example.net
DON1293,Jessica Frazier,2021-04-12,individual,NH,
DON1294,Angela Moore,2023-02-04,foundation,NY,bartonkenneth@example.org
DON1295,Eric Ward,2019-04-03,individual,CT,gstewart@example.org
DON1296,Kayla Garcia,2021-03-21,foundation,MA,andersonjacob@example.com
DON1297,Alexandria Gutierrez,2018-02-25,individual,NH,angela99@example.com
DON1298,Derrick Adams,2018-01-26,individual,NY,ashleyjackson@example.com
DON1299,Mr. David Wright,2019-02-10,individual,NH,
DON1300,Evelyn Oliver,2025-01-23,individual,NY,stephentaylor@example.org
DON1301,Frank Valentine,2022-03-27,individual,RI,pcook@example.net
DON1302,Michael Henry,2020-01-18,foundation,MA,zedwards@example.com
DON1303,Timothy Gonzalez,2026-06-05,foundation,MA,markramirez@example.com
DON1304,Michael Gonzales,2025-11-29,foundation,CT,erinpierce@example.net
DON1305,Brenda Turner,2021-08-02,individual,RI,fuenteslaura@example.com
DON1306,Kyle Aguilar,2020-12-05,individual,RI,jennifermccormick@example.org
DON1307,Robin Wheeler,2025-09-20,individual,CT,ystephens@example.com
DON1308,Holland Inc,2018-01-28,individual,NH,mackdiane@example.com
DON1309,Brett Walker,2026-03-18,individual,RI,vrasmussen@example.com
DON1310,Kathryn Cooper,2025-06-15,corporate,NH,seanmyers@example.net
DON1311,Guerra Ltd,2017-01-17,individual,National,agarcia@example.org
DON1312,Mr. Jeffrey Horton,2019-01-15,individual,RI,larry73@example.net
DON1313,Greg Rodriguez,2022-01-20,individual,RI,evanslisa@example.org
DON1314,Tina Hall,2019-06-05,individual,RI,zacharyarnold@example.com
DON1315,Lucas Gonzalez,2023-07-09,individual,National,jacobsandoval@example.com
DON1316,Goodwin-Stokes,2023-12-09,individual,MA,nsmith@example.org
DON1317,Jim Baker,2017-09-10,individual,NY,lloydamanda@example.com
DON1318,Harold Ellis,2024-12-15,foundation,NH,candice96@example.net
DON1319,Edwards and Sons,2019-07-26,individual,National,samantha91@example.net
DON1320,Kyle Andrews,2021-10-28,individual,CT,whiteheather@example.net
DON1321,Carrie Jackson,2023-10-29,foundation,NH,tommymedina@example.net
DON1322,Ian Smith,2021-07-17,individual,MA,jacobwilkinson@example.net
DON1323,Jennifer Vasquez,2018-12-14,individual,CT,lisamaynard@example.net
DON1324,Connie Johnson,2024-03-06,foundation,NH,kjackson@example.org
DON1325,Kathleen Dixon,2020-06-15,individual,NH,gary79@example.net
DON1326,Nicole Wolf,2026-05-16,individual,MA,adamsamy@example.com
DON1327,Elizabeth Kidd,2024-02-20,individual,CT,veronicagarcia@example.net
DON1328,Cynthia Cochran,2024-04-12,individual,NH,michael17@example.org
DON1329,Trujillo PLC,2022-08-05,individual,MA,imartin@example.org
DON1330,Kenneth Farley,2022-08-06,corporate,RI,candice25@example.net
DON1331,Wendy Camacho,2025-05-19,individual,NH,taylorkaren@example.com
DON1332,Megan Burns,2018-10-15,individual,NY,johndawson@example.org
DON1333,"Norton, Mack and Powell",2026-06-14,individual,CT,courtney67@example.org
DON1334,Raymond Oconnor,2021-05-12,foundation,RI,shawn75@example.net
DON1335,Samantha Simpson,2024-06-05,foundation,MA,melissa86@example.org
DON1336,Kramer-Shannon,2022-02-14,foundation,RI,matthew92@example.net
DON1337,Timothy Moore,2017-06-14,individual,RI,garciakristen@example.com
DON1338,Khan LLC,2024-05-24,individual,CT,braunronald@example.net
DON1339,Steven Martin,2019-05-02,individual,CT,clarence54@example.org
DON1340,Padilla Inc,2023-05-16,corporate,NY,jessica36@example.net
DON1341,Jill Smith,2020-04-05,individual,NH,lmiller@example.org
DON1342,Darryl Davis,2022-06-22,individual,MA,mcneilrobert@example.org
DON1343,Robert Baxter,2018-05-16,corporate,MA,edwardsnicole@example.org
DON1344,Alexander Ltd,2019-01-22,individual,NH,morenoalan@example.net
DON1345,Angelica Garcia,2020-04-02,corporate,CT,samanthajensen@example.com
DON1346,Wright Ltd,2018-09-22,individual,NY,bbell@example.com
DON1347,Todd Johnson,2018-01-23,individual,MA,angelagreene@example.net
DON1348,Phillips-Brown,2021-10-05,corporate,NH,aprilhicks@example.net
DON1349,"Wheeler, Rice and Levine",2020-09-13,individual,National,pcruz@example.com
DON1350,Carrie Ruiz,2022-10-09,individual,MA,david96@example.com
DON1351,Livingston Group,2017-11-14,foundation,NY,matthewsalexander@example.org
DON1352,Angela Herrera,2025-03-31,individual,NY,courtney86@example.com
DON1353,Brittney Murphy,2019-03-24,individual,NH,christopher18@example.org
DON1354,Jeffrey Chavez,2017-10-02,individual,NY,holly30@example.org
DON1355,Meredith Martin,2017-07-25,corporate,NH,elizabeth21@example.org
DON1356,Patricia Johnson,2022-07-12,foundation,National,gary24@example.net
DON1357,Jesse Ward,2023-12-07,individual,NY,alexandria49@example.net
DON1358,Megan Wilson,2025-02-16,individual,CT,michaelscott@example.org
DON1359,Jack Mora,2025-04-14,individual,CT,williamsmichelle@example.org
DON1360,"Barnes, Morris and Butler",2019-09-04,individual,CT,tranrobin@example.net
DON1361,Stephanie White,2022-01-27,individual,NH,
DON1362,Patricia Collins,2025-05-27,foundation,NH,finleycasey@example.com
DON1363,Elizabeth Dean,2018-02-05,individual,RI,msmith@example.com
DON1364,Paige Sanchez,2024-07-09,individual,CT,brittany73@example.net
DON1365,Melissa Smith,2016-09-26,individual,RI,ijohnson@example.com
DON1366,Ashley Moreno,2022-04-30,individual,National,blakenicholas@example.net
DON1367,Anna Morse,2020-09-05,individual,NY,dvasquez@example.org
DON1368,Angela Davis,2025-06-21,foundation,NH,xhaynes@example.com
DON1369,Victor Young,2018-11-25,individual,RI,kjones@example.org
DON1370,David Harding,2021-01-25,foundation,MA,sara65@example.com
DON1371,Bryan Howard,2018-12-11,individual,CT,moorefrank@example.com
DON1372,Robert Torres,2020-02-29,individual,CT,qparker@example.org
DON1373,Tracy Foster,2017-04-25,foundation,NY,marymurphy@example.org
DON1374,Kristi Pierce,2017-06-18,individual,CT,jorge20@example.com
DON1375,Antonio Norman,2018-03-29,corporate,NY,ygarcia@example.org
DON1376,Maria Aguilar,2020-05-30,individual,NH,jamesmorales@example.net
DON1377,Carl Stein,2021-01-12,individual,National,johnsoncaleb@example.net
DON1378,Jessica Ramsey,2022-04-09,foundation,MA,williamssteven@example.org
DON1379,Cody Ramirez,2025-01-25,individual,MA,reyesronald@example.com
DON1380,Jason Pierce,2019-02-27,individual,CT,mendezchristina@example.net
DON1381,Rebecca Wright,2017-08-31,individual,NY,ramirezderrick@example.org
DON1382,Richard Cooper,2025-11-17,individual,NH,mayokimberly@example.com
DON1383,Alyssa Cochran,2026-04-02,foundation,MA,paul20@example.com
DON1384,Yvonne Dickson,2021-05-29,foundation,NY,stokesthomas@example.com
DON1385,Zachary Robinson,2018-05-02,individual,National,dianeadams@example.net
DON1386,Renee Wolfe,2023-03-28,individual,National,savannah22@example.org
DON1387,Sara Cochran,2017-02-09,individual,RI,stacey92@example.net
DON1388,Daniel Fox,2025-01-01,corporate,NY,gregory01@example.org
DON1389,Tamara Richard,2016-08-22,corporate,NY,samantha32@example.com
DON1390,Sarah Valencia,2022-02-18,corporate,RI,johnsonbrenda@example.org
DON1391,Frank Daugherty,2017-11-11,foundation,NH,janet69@example.org
DON1392,Melissa Mcfarland,2024-01-23,individual,NH,lbanks@example.net
DON1393,Michael Anderson,2022-09-13,corporate,CT,elizabetholsen@example.com
DON1394,White LLC,2016-08-29,foundation,MA,xrosales@example.net
DON1395,Gregory Flores,2020-05-21,individual,RI,zunigadonald@example.net
DON1396,"Jones, Scott and Rodriguez",2018-02-20,corporate,MA,sean43@example.org
DON1397,Katherine Gray,2016-08-25,corporate,CT,cruzjessica@example.org
DON1398,Melissa Martin,2025-12-01,corporate,NH,egarcia@example.net
DON1399,Christopher Bennett,2017-11-19,individual,CT,phillipslucas@example.org
DON1400,Jessica Valdez,2017-11-27,individual,National,morgantricia@example.com
